{
  "lut_ambient_lux":[0, 2, 5, 10, 20, 30, 40, 50, 60, 70, 80, 90, 100, 150, 200, 250, 300, 350, 400, 450, 500, 550, 600, 650, 700, 750, 800, 850, 900, 950, 1000, 5000, 10000, 15000, 20000, 25000, 30000, 35000, 40000, 60000, 80000],
  "lut_target_luminance":[0.398107171, 1.665321916, 3.566144033, 6.734180896, 13.07025462, 19.40632835, 25.74240207, 32.0784758, 38.41454952, 44.75062325, 51.08669698, 57.4227707, 63.75884443, 95.43921305, 127.1195817, 158.7999503, 190.4803189, 222.1606876, 253.8410562, 285.5214248, 317.2017934, 348.8821621, 380.5625307, 412.2428993, 443.923268, 475.6036366, 507.2840052, 538.9643738, 570.6447425, 602.3251111, 634.0054797, 3168.43497, 6336.471833, 9504.508696, 12672.54556, 15840.58242, 19008.61928, 22176.65615, 25344.69301, 38016.84046, 50688.98791]
}